{"cameraMode":{"drawMode":0,"name":"Shaded","section":"Shading Mode"},"sceneLighting":true,"audioPlay":false,"sceneViewState":{"showFog":true,"showMaterialUpdate":false,"showSkybox":true,"showFlares":true,"showImageEffects":true,"showParticleSystems":true},"in2DMode":false,"pivot":{"x":-12.424050331115723,"y":1.2791386842727662,"z":15.982306480407715},"rotation":{"x":2.999362891387136e-7,"y":0.9864209890365601,"z":-0.16425275802612306,"w":2.9165443038436936e-7},"size":1.6757330894470215,"orthographic":false}