{"cameraMode":{"drawMode":0,"name":"Shaded","section":"Shading Mode"},"sceneLighting":false,"audioPlay":false,"sceneViewState":{"showFog":true,"showMaterialUpdate":false,"showSkybox":false,"showFlares":true,"showImageEffects":true,"showParticleSystems":true},"in2DMode":false,"pivot":{"x":-10.309304237365723,"y":2.148411273956299,"z":17.148765563964845},"rotation":{"x":0.0068162777461111549,"y":0.9926432371139526,"z":-0.10040877759456635,"w":0.0674065425992012},"size":0.5993046760559082,"orthographic":false}