{"cameraMode":{"drawMode":0,"name":"Shaded","section":"Shading Mode"},"sceneLighting":false,"audioPlay":false,"sceneViewState":{"showFog":true,"showMaterialUpdate":false,"showSkybox":false,"showFlares":true,"showImageEffects":true,"showParticleSystems":true},"in2DMode":false,"pivot":{"x":-10.934818267822266,"y":2.4570000171661379,"z":17.15607452392578},"rotation":{"x":0.001424959278665483,"y":0.9873459935188294,"z":-0.008886354975402356,"w":0.15832450985908509},"size":1.1955702304840088,"orthographic":false}